{
    "MAE ViT": {
        "avg_loss": 0.8622281468418741,
        "overall_accuracy": 0.7094133697135061,
        "class_accuracy": {
            "0": 0.9501385041551247,
            "1": 0.5540540540540541,
            "2": 0.59,
            "3": 0.3076923076923077,
            "4": 0.1016949152542373
        },
        "per_class_metrics": {
            "precision": {
                "0": 0.8979057591623036,
                "1": 0.3106060606060606,
                "2": 0.7283950617283951,
                "3": 0.2608695652173913,
                "4": 0.5454545454545454
            },
            "recall": {
                "0": 0.9501385041551247,
                "1": 0.5540540540540541,
                "2": 0.59,
                "3": 0.3076923076923077,
                "4": 0.1016949152542373
            },
            "f1": {
                "0": 0.9232839838492598,
                "1": 0.39805825242718446,
                "2": 0.6519337016574586,
                "3": 0.2823529411764706,
                "4": 0.17142857142857143
            }
        }
    },
    "Resnet50": {
        "avg_loss": 0.5883025662798186,
        "overall_accuracy": 0.8130968622100955,
        "class_accuracy": {
            "0": 0.9695290858725761,
            "1": 0.5540540540540541,
            "2": 0.83,
            "3": 0.3333333333333333,
            "4": 0.4406779661016949
        },
        "per_class_metrics": {
            "precision": {
                "0": 0.958904109589041,
                "1": 0.6119402985074627,
                "2": 0.7443946188340808,
                "3": 0.3939393939393939,
                "4": 0.5777777777777777
            },
            "recall": {
                "0": 0.9695290858725761,
                "1": 0.5540540540540541,
                "2": 0.83,
                "3": 0.3333333333333333,
                "4": 0.4406779661016949
            },
            "f1": {
                "0": 0.9641873278236914,
                "1": 0.5815602836879432,
                "2": 0.7848699763593381,
                "3": 0.3611111111111111,
                "4": 0.5
            }
        }
    },
    "Finetuned ViT": {
        "avg_loss": 0.5108028124169145,
        "overall_accuracy": 0.8049113233287858,
        "class_accuracy": {
            "0": 0.9362880886426593,
            "1": 0.47297297297297297,
            "2": 0.765,
            "3": 0.717948717948718,
            "4": 0.6101694915254238
        },
        "per_class_metrics": {
            "precision": {
                "0": 0.9629629629629629,
                "1": 0.5223880597014925,
                "2": 0.765,
                "3": 0.5283018867924528,
                "4": 0.5806451612903226
            },
            "recall": {
                "0": 0.9362880886426593,
                "1": 0.47297297297297297,
                "2": 0.765,
                "3": 0.717948717948718,
                "4": 0.6101694915254238
            },
            "f1": {
                "0": 0.949438202247191,
                "1": 0.49645390070921985,
                "2": 0.765,
                "3": 0.6086956521739131,
                "4": 0.5950413223140496
            }
        }
    }
}